NISN,Nama,Kelas,Angkatan,Gender,Nilai_Rata_Rata,Kehadiran_Persen,Panggilan_BK,Status_Bantuan_PIP,Status_DO
222310164,ADE RINA SEPTIANI,XII AKL,XII,P,94,81.7,2,Tidak,Non-Dropout
222310165,ADILLA OLIVIA DAMIATI,XII AKL,XII,P,77.71,88.2,1,Tidak,Non-Dropout
222310166,AILA ZAHRA FARADIBA,XII AKL,XII,P,76.12,90.1,0,Tidak,Non-Dropout
,ALIFYA QISTHY LATIFA GUNAWAN,XII AKL,XII,P,58.77,67.4,0,Tidak,Non-Dropout
222310168,ALYA CINDI ANGGRAENI,XII AKL,XII,P,79.93,84.1,0,Tidak,Non-Dropout
222310169,AMELIA HIKMAH,XII AKL,XII,P,77.44,93.3,1,Tidak,DO-Masalah
222310170,ARLIN NANDA SETIANI,XII AKL,XII,P,75.71,83.4,0,Tidak,Non-Dropout
222310171,ASILA RAMADHANI,XII AKL,XII,P,82.52,91.8,0,Tidak,Non-Dropout
222310172,AULIA RAHMAWATI,XII AKL,XII,P,83.37,90.1,0,Tidak,Non-Dropout
222310173,AURELLIA CANDRAINI,XII AKL,XII,P,71.48,89.5,0,Tidak,Non-Dropout
222310174,CANTIKA PUTRI HAPSARI,XII AKL,XII,P,72.91,88.6,0,Ya,Non-Dropout
222310175,CHELSI YAELINA YOHANES,XII AKL,XII,P,76.19,88.5,0,Tidak,Non-Dropout
222310176,CINTYA FEBRIANA ALMAR'ATUL AWALIA,XII AKL,XII,P,85.52,96.2,0,Ya,Non-Dropout
222310177,DAVINA PUTRI MELINDA,XII AKL,XII,P,84.49,85.9,0,Tidak,Non-Dropout
222310179,ELISYA MEIZAHRA,XII AKL,XII,P,69.56,85.7,1,Tidak,Non-Dropout
222310180,FAJRIATUL FITRIA,XII AKL,XII,P,71.04,91.7,1,Ya,Non-Dropout
222310181,FANDA CHELSIE RUNTUTHOMAS,XII AKL,XII,P,85.89,86.4,0,Tidak,Non-Dropout
222310183,HALUNA SHAFA RAHMADANI,XII AKL,XII,P,92.6,89.6,1,Tidak,Non-Dropout
222310184,HANA SAJIDA HOIRUNISA,XII AKL,XII,P,79.75,83.3,0,Tidak,Non-Dropout
222310185,KARTIKA DEWI UTARI,XII AKL,XII,P,74.53,80.5,0,Tidak,Non-Dropout
222310186,MEVIA ANDARA ARIF,XII AKL,XII,P,88.77,97.2,0,Tidak,Non-Dropout
222310187,NABILA KUSNADI,XII AKL,XII,P,77.52,90.3,0,Ya,Non-Dropout
222310188,NASYWA SAWALIYAH,XII AKL,XII,P,85.81,96.3,2,Tidak,DO-Masalah
222310189,NAYLA PUTRI,XII AKL,XII,P,92.39,96.6,0,Ya,DO-Akademik
222310190,NISA DIARAH,XII AKL,XII,P,85.04,90.2,0,Tidak,Non-Dropout
222310191,PUAN MARITO DINDA ELSADAY LUMBANTUNGKUP,XII AKL,XII,P,80.59,86.6,1,Tidak,Non-Dropout
222310192,PUTRI DINAR ISWARI,XII AKL,XII,P,85.86,91.6,0,Ya,DO-Masalah
222310193,QAYLA SOFIA,XII AKL,XII,P,74.86,86.3,0,Tidak,Non-Dropout
222310194,R. CAYSHIA FEBRILYAN,XII AKL,XII,P,78.58,93.5,0,Tidak,Non-Dropout
,RADEN ANANDA FEBRIANTI RACHMAN,XII AKL,XII,P,75.41,81.3,2,Tidak,DO-Masalah
222310196,RASYA NAFISHA AZZAHRA,XII AKL,XII,P,78.36,88.7,0,Tidak,Non-Dropout
222310197,RENDA MAWAR RANI,XII AKL,XII,P,76.11,89.9,0,Tidak,Non-Dropout
,REZA APRILIA,XII AKL,XII,P,78.51,86.2,0,Tidak,Non-Dropout
222310199,RISKA IMELDA,XII AKL,XII,P,76.96,85.8,1,Tidak,Non-Dropout
222310200,SABRINA SAFIRA,XII AKL,XII,P,80.71,91.8,1,Tidak,Non-Dropout
222310201,SABRINA SALSABILA,XII AKL,XII,P,80.51,91.8,0,Tidak,Non-Dropout
,SASKIA ARSYINTA,XII AKL,XII,P,82.37,88.2,0,Tidak,Non-Dropout
222310203,SHINTA AULIA,XII AKL,XII,P,91.22,91.5,0,Tidak,Non-Dropout
,SYIFA AZZAHRA,XII AKL,XII,P,67.63,80.9,1,Tidak,DO-Masalah
222310205,TRI RAMAH DANI,XII AKL,XII,P,90.36,94.8,0,Tidak,Non-Dropout
222310001,ADRIAN FAUZAN,XII TE,XII,L,78.1,86.8,0,Tidak,Non-Dropout
222310002,AHMAD ZAKI YAMAN,XII TE,XII,L,70.14,75.3,1,Tidak,Non-Dropout
222310003,AMANDA ZAHRA FEBRIYANI,XII TE,XII,P,78.62,85.7,0,Tidak,Non-Dropout
222310004,ANGGI ISMAYANTI,XII TE,XII,P,80.73,92.2,1,Ya,Non-Dropout
222310005,FAHRI ISNAINI,XII TE,XII,L,88.54,92.5,0,Tidak,Non-Dropout
222310006,INDRIYANI,XII TE,XII,P,71.51,79.9,0,Tidak,Non-Dropout
,JERICHO AMEZIA AWULLE,XII TE,XII,L,81.74,93.2,0,Tidak,Non-Dropout
,KHALIF HONES TAWADLU,XII TE,XII,L,80.94,92.1,1,Tidak,DO-Akademik
222310009,RAFAELINO RUFFUS SERAN,XII TE,XII,L,66.53,87.7,0,Tidak,Non-Dropout
222310010,RASYA JULIAN SAPUTRA,XII TE,XII,L,70.51,91.6,0,Tidak,Non-Dropout
222310011,RAYHAN ADI SAPUTRA,XII TE,XII,L,84.8,87.4,1,Ya,Non-Dropout
222310012,SELVIA OKTAVIANI,XII TE,XII,P,85.56,93.5,1,Tidak,Non-Dropout
222310013,TASYA AULIA AGUSTIN,XII TE,XII,P,88.7,89,0,Tidak,Non-Dropout
222310014,ZASKIA ZANIAR,XII TE,XII,P,84.27,95.5,0,Tidak,Non-Dropout
222310055,ADINDA DWI RAHMADANI,XII TKJ 1,XII,P,83.16,95.5,0,Tidak,Non-Dropout
222310056,ADITYA MAULANA P,XII TKJ 1,XII,L,80.98,91.3,1,Tidak,Non-Dropout
222310057,AKBAR ALFRIYAWAN,XII TKJ 1,XII,L,89.67,95.6,0,Ya,Non-Dropout
222310058,AMANDA APRILIANTI,XII TKJ 1,XII,P,73.26,80.7,1,Tidak,Non-Dropout
,ARJUNA RAFI ABAD,XII TKJ 1,XII,L,78.86,91.5,0,Tidak,Non-Dropout
222310059,AULIYA AZZAHRA SALASATUN SALMA,XII TKJ 1,XII,P,83.08,81.3,0,Tidak,Non-Dropout
222310060,AY GRACE JIREHANAFI,XII TKJ 1,XII,P,67.38,90.6,1,Ya,Non-Dropout
222310061,AYUDIAH YETTI TRIARINI,XII TKJ 1,XII,P,90.49,97.7,0,Tidak,Non-Dropout
222310062,B'RIEW ONGARTA KAYANA,XII TKJ 1,XII,L,73.66,76.3,0,Tidak,Non-Dropout
222310063,CALSABIIKHA VIDIA WIENDI,XII TKJ 1,XII,P,79.43,70.9,0,Tidak,Non-Dropout
222310098,CINTHYA AYU VINASIH PURNOMO,XII TKJ 1,XII,P,97.25,99.8,1,Tidak,Non-Dropout
222310064,DAFFA RIZKI AZZIKRA,XII TKJ 1,XII,L,73.36,80.3,1,Tidak,DO-Masalah
,DEVI APRILLIA PUTRI,XII TKJ 1,XII,P,75.77,89.9,1,Tidak,Non-Dropout
222310066,ERVIN ALVINO,XII TKJ 1,XII,L,92.49,83.4,0,Ya,Non-Dropout
222310067,GHIFARI RAJIB ARDHIANSYAH,XII TKJ 1,XII,L,71.36,85.5,1,Tidak,Non-Dropout
222310068,GRACE CALLISTA MONINGKA,XII TKJ 1,XII,P,76.54,82.5,0,Tidak,Non-Dropout
222310069,INDRAYANA PANGESTU,XII TKJ 1,XII,L,84.13,92.7,0,Tidak,Non-Dropout
222310070,JOAN ADITYA NATANAEL,XII TKJ 1,XII,L,83.64,86.7,1,Tidak,Non-Dropout
222310072,KHAIRUNNISA SAFITRI,XII TKJ 1,XII,P,84.75,95.9,0,Tidak,Non-Dropout
222310073,MARSYA HUMAIRA,XII TKJ 1,XII,P,82.96,83.8,0,Tidak,Non-Dropout
222310074,MARSYA SYAFA KHALISA,XII TKJ 1,XII,P,90.76,97.8,0,Tidak,Non-Dropout
222310075,MELANI,XII TKJ 1,XII,P,88.13,90,0,Tidak,Non-Dropout
222310076,MUHAMMAD LUTHFI HAKIM,XII TKJ 1,XII,L,84.76,92.3,0,Tidak,Non-Dropout
222310077,MUHAMMAD NUR FACHRIANSYAH,XII TKJ 1,XII,L,74.54,75.9,0,Tidak,Non-Dropout
222310078,MUTIA SAPITRI,XII TKJ 1,XII,P,74.29,74.8,0,Tidak,Non-Dropout
222310079,NAYLA AULIA NISSA,XII TKJ 1,XII,P,64.73,89.5,0,Tidak,Non-Dropout
222310080,NINA NUR NAZWA,XII TKJ 1,XII,P,85.5,81.5,1,Tidak,Non-Dropout
222310081,NITA AMELIA,XII TKJ 1,XII,P,65.42,81,1,Tidak,Non-Dropout
222310082,PRASANDYA FAHROSIN PUTRA,XII TKJ 1,XII,L,87.03,87.7,1,Tidak,Non-Dropout
222310083,PUSPA DWI CAHYANI,XII TKJ 1,XII,P,94.77,86.4,0,Tidak,Non-Dropout
222310085,RAISYA AYU AMALIA,XII TKJ 1,XII,P,71.51,86.2,0,Tidak,Non-Dropout
222310086,RHAKA APRILIANSYAH PUTRA,XII TKJ 1,XII,L,74.52,77,2,Tidak,DO-Masalah
,RYZKYNTA MARCELLO KARO-KARO,XII TKJ 1,XII,L,76.19,78.9,0,Tidak,DO-Akademik
222310088,SATRIA HAYUDHIN ASADEL HARAHAP,XII TKJ 1,XII,L,86.64,95.4,1,Tidak,Non-Dropout
222310089,SITI DIYANTI,XII TKJ 1,XII,P,73.09,80.4,0,Tidak,Non-Dropout
222310090,ZAHRA NUR AZIZAH,XII TKJ 1,XII,P,78.96,91.9,0,Tidak,Non-Dropout
222310091,AFIANA DWI JUNIANTI,XII TKJ 2,XII,P,75.82,90.4,0,Tidak,Non-Dropout
222310092,AGUNG SETIA BUDI,XII TKJ 2,XII,L,77.99,93.9,1,Tidak,Non-Dropout
222310093,ANEZ ANGELINA,XII TKJ 2,XII,P,90.33,93.6,1,Tidak,Non-Dropout
222310094,AUREL CIKA NOVIYANTI,XII TKJ 2,XII,P,72.29,73.6,1,Tidak,Non-Dropout
222310095,BAYU PRATAMA,XII TKJ 2,XII,L,80.57,83.6,1,Tidak,Non-Dropout
222310096,BILQIS NAZWA SAFIRA,XII TKJ 2,XII,P,82.17,85.6,0,Ya,Non-Dropout
222310097,CATUR AJI PAMUNGKAS,XII TKJ 2,XII,L,86.87,96.6,0,Ya,Non-Dropout
222310099,CKHALISTA ANA TASYA,XII TKJ 2,XII,P,69.89,86.6,0,Tidak,Non-Dropout
222310100,DAVON DANIEL SEMBIRING,XII TKJ 2,XII,L,88.92,87.2,0,Tidak,DO-Masalah
222310101,DITA ROSALINDA,XII TKJ 2,XII,P,83.48,91.3,0,Tidak,Non-Dropout
222310102,FADHIL MUHAMMAD,XII TKJ 2,XII,L,86.99,87.4,0,Tidak,Non-Dropout
222310103,FIRJATULLAH ADIS BUDIONA,XII TKJ 2,XII,L,80.57,91.1,0,Tidak,Non-Dropout
222310104,HALIM DAFA ANDIKA,XII TKJ 2,XII,L,66.89,84.4,0,Tidak,DO-Akademik
222310105,IQBAL YOGI ARMANTO,XII TKJ 2,XII,L,74.82,92.9,0,Tidak,Non-Dropout
222310106,IRMA NUR CAHYANI,XII TKJ 2,XII,P,86.54,91.6,0,Tidak,Non-Dropout
222310107,KEMALA DEWI,XII TKJ 2,XII,P,80.29,93.9,0,Tidak,Non-Dropout
222310108,M. ESQIRIZQY MISADI,XII TKJ 2,XII,L,79.61,87.3,0,Tidak,Non-Dropout
222310110,MELISSA AYU SHAFIRA,XII TKJ 2,XII,P,94.33,96.4,2,Tidak,DO-Masalah
222310111,MUHAMMAD AL GHAZALI,XII TKJ 2,XII,L,97.61,91.9,1,Tidak,Non-Dropout
222310112,MUHAMMAD NASHOR EL MARWAZI,XII TKJ 2,XII,L,79.7,91.5,0,Tidak,Non-Dropout
222310113,MUHAMMAD SYARIF ALTHAFAH,XII TKJ 2,XII,L,95.46,93.6,0,Tidak,Non-Dropout
222310114,NADIA PRATIWI,XII TKJ 2,XII,P,64.05,81.8,0,Tidak,Non-Dropout
222310115,NURIN ARISTI SYAFINATUN QOLBI,XII TKJ 2,XII,P,63.61,79.8,1,Tidak,Non-Dropout
222310116,PUTRA SYAMIRA ALGHANI,XII TKJ 2,XII,L,86.94,87.9,1,Tidak,Non-Dropout
222310117,PUTRI AMELIA,XII TKJ 2,XII,P,77.9,89.8,1,Tidak,Non-Dropout
222310118,QYAARA ANISSA SUPRAPTO,XII TKJ 2,XII,P,84.63,74.5,0,Tidak,Non-Dropout
222310119,RAYZHAN FEBIAN SYAM,XII TKJ 2,XII,L,84.13,95.8,0,Tidak,Non-Dropout
222310120,REIHAN RIZKI PUTRA,XII TKJ 2,XII,L,79.28,72.4,0,Tidak,Non-Dropout
222310121,RETNO PUTRI AMELIA,XII TKJ 2,XII,P,85.46,88,0,Tidak,Non-Dropout
222310122,RISKI ADE PUTRA RAMADHAN,XII TKJ 2,XII,L,81.21,85.8,1,Tidak,Non-Dropout
222310123,SALMA TIANA,XII TKJ 2,XII,P,67.74,88.4,0,Ya,Non-Dropout
222310124,SALMAN AJI NUGRAHA,XII TKJ 2,XII,L,81.75,89.5,0,Tidak,Non-Dropout
222310125,SYAFIRA RAMADANI,XII TKJ 2,XII,P,81.49,87.7,0,Tidak,Non-Dropout
222310126,SYECHKA ANANDA AGUTA,XII TKJ 2,XII,L,94.66,92.5,0,Tidak,Non-Dropout
,ZAHRAH MAULIDAH,XII TKJ 2,XII,P,70.97,90.7,2,Tidak,Non-Dropout
222310128,AHMAD RAMDANI,XII TKJ 3,XII,L,80.14,94.5,0,Tidak,Non-Dropout
222310129,AL ZAHRA ELAN SUNANDAR,XII TKJ 3,XII,P,76.6,88.8,0,Tidak,Non-Dropout
222310130,AQILAH NURIYA HIDAYAT,XII TKJ 3,XII,P,78.94,74.2,0,Tidak,Non-Dropout
222310131,BAYU SAMARA TUNGGA,XII TKJ 3,XII,L,93.27,88.9,0,Tidak,Non-Dropout
,BUNGA OLIVIA FITRIYANI,XII TKJ 3,XII,P,83.03,91.1,0,Tidak,Non-Dropout
222310133,CHRESVO LEONARDO TAMBUN,XII TKJ 3,XII,L,76.28,93.4,0,Ya,DO-Masalah
222310134,DESVINA MAHARANI,XII TKJ 3,XII,P,81.23,83,0,Tidak,Non-Dropout
222310135,DUWI SETIAWATI,XII TKJ 3,XII,P,86.13,87,1,Tidak,DO-Masalah
222310136,EGA AQILLA SAPITRA,XII TKJ 3,XII,L,72.05,88.6,1,Tidak,Non-Dropout
222310137,FADILAH AZAHRA,XII TKJ 3,XII,P,77.89,88.9,0,Tidak,Non-Dropout
222310138,GALAN JUANAR ALI TEBAR,XII TKJ 3,XII,L,92.34,82.9,0,Tidak,Non-Dropout
222310139,IHSAN NUR RAHMAN,XII TKJ 3,XII,L,86.85,95.6,1,Tidak,Non-Dropout
222310140,KHAIRAH SYAFA SUMAYYAH,XII TKJ 3,XII,P,79.64,79.1,1,Tidak,Non-Dropout
222310141,LUVINTYA NOVINDA,XII TKJ 3,XII,P,76.18,84.6,0,Ya,Non-Dropout
,M. RAIHAN JAMIL SYA'BAN,XII TKJ 3,XII,L,78.77,94.1,1,Tidak,Non-Dropout
222310143,MAULITA APIYANTI,XII TKJ 3,XII,P,67.59,75.4,1,Tidak,DO-Akademik
222310144,MUHAMMAD ARRON SYABTRIAN,XII TKJ 3,XII,L,87.54,87.6,0,Ya,Non-Dropout
222310145,MUHAMMAD NIZAR FAZARI,XII TKJ 3,XII,L,82.73,95.3,0,Tidak,DO-Masalah
222310146,MUHAMMAD RIFKI HIDAYAT,XII TKJ 3,XII,L,81.11,86.2,0,Tidak,Non-Dropout
222310147,NAILA NUR ASIH,XII TKJ 3,XII,P,69.62,77.7,0,Tidak,Non-Dropout
222310148,NANDA FARREL NUR WICAKSONO,XII TKJ 3,XII,L,74.28,82.1,2,Tidak,Non-Dropout
222310149,NINDYA PUTRI AMANDA,XII TKJ 3,XII,P,84.12,94,0,Tidak,Non-Dropout
222310150,PINGKI PIRNANDA,XII TKJ 3,XII,P,82.06,78.2,1,Tidak,Non-Dropout
222310151,PUTRI NABILA,XII TKJ 3,XII,P,76.03,82.3,0,Tidak,Non-Dropout
222310152,RAFIF NAJMI KAMAL,XII TKJ 3,XII,L,84.04,79.5,1,Tidak,Non-Dropout
222310153,RAHMAH ADAWIYYAH,XII TKJ 3,XII,P,87.51,82.5,0,Tidak,Non-Dropout
222310154,REZA ADITYA ALFIANI,XII TKJ 3,XII,L,74.6,92.8,0,Tidak,Non-Dropout
222310155,RIZKY FADILLAH,XII TKJ 3,XII,L,75.75,85.7,0,Tidak,Non-Dropout
222310156,SALWA SALSABILA,XII TKJ 3,XII,P,73.04,82.6,2,Ya,Non-Dropout
222310157,SAMANDA,XII TKJ 3,XII,P,70.76,87.3,0,Ya,Non-Dropout
222310158,SATRIA DEKA PUTRA,XII TKJ 3,XII,L,86.37,84.9,0,Tidak,Non-Dropout
222310159,SHOYIBATUL ASLAMIYYAH,XII TKJ 3,XII,P,84.08,81.1,1,Tidak,Non-Dropout
232411212,SITI ZASKIA PUTRI ANDINI,XII TKJ 3,XII,P,82.71,95.3,0,Tidak,Non-Dropout
222310160,VALENTINO VAN ENST,XII TKJ 3,XII,L,70.62,90.2,0,Ya,Non-Dropout
222310162,VIRYANDA ALVIANDHIKA,XII TKJ 3,XII,L,71.63,79.6,0,Tidak,Non-Dropout
222310163,WIDIA SARI,XII TKJ 3,XII,P,79.46,91.8,0,Tidak,Non-Dropout
222310015,ACHMAD ALDILAH,XII TO 1,XII,L,76.69,93.5,0,Tidak,Non-Dropout
,AKHADI DIKA SATRIA AJI,XII TO 1,XII,L,80.96,90.9,0,Tidak,Non-Dropout
222310017,ALIYUDIN,XII TO 1,XII,L,74.41,88.9,1,Tidak,DO-Akademik
222310018,DANU HARIADI,XII TO 1,XII,L,85.23,81.3,0,Ya,Non-Dropout
222310019,DIMAS PRASETYO,XII TO 1,XII,L,94.4,91,0,Tidak,Non-Dropout
222310020,GIVEN GERALDO KALIGIS,XII TO 1,XII,L,92.37,79.5,0,Tidak,Non-Dropout
222310021,HERU RAMADANA,XII TO 1,XII,L,92.88,98.4,0,Tidak,Non-Dropout
222310022,IHSANTOSO DWI NUGROHO,XII TO 1,XII,L,80.57,86.6,0,Tidak,Non-Dropout
222310023,KAREEM ABDUL RAHMAN AL AYYUBI,XII TO 1,XII,L,87.37,96.7,0,Tidak,Non-Dropout
222310024,M. FASYAH LUKMAN,XII TO 1,XII,L,76.99,81.7,2,Tidak,Non-Dropout
,M. RIZKI HARDIANSYAH,XII TO 1,XII,L,87.36,95.3,0,Tidak,Non-Dropout
222310026,M. SANJAYA,XII TO 1,XII,L,76.97,76.5,0,Tidak,Non-Dropout
222310027,MUHAMAD FAIZAL,XII TO 1,XII,L,76.09,83.7,0,Tidak,Non-Dropout
222310028,MUHAMAD REHAN,XII TO 1,XII,L,74.84,89.4,0,Tidak,DO-Akademik
222310029,MUHAMMAD ADNAN,XII TO 1,XII,L,85.59,91.4,1,Tidak,Non-Dropout
222310030,MUHAMMAD MALIK FAJAR,XII TO 1,XII,L,82.2,87.8,0,Tidak,Non-Dropout
222310031,MUHAMMAD RADJA RIFQI WIRAWAN,XII TO 1,XII,L,81.49,77.5,0,Tidak,Non-Dropout
222310032,MUHAMMAD RIFKY ARYADI,XII TO 1,XII,L,70.88,91.7,0,Tidak,Non-Dropout
222310033,RASYA FIRMANSAH,XII TO 1,XII,L,81.13,92,0,Tidak,Non-Dropout
222310034,RYDO VIRGIAN,XII TO 1,XII,L,68.47,91,0,Tidak,DO-Akademik
222310035,AHMAD UBAYDILLAH,XII TO 2,XII,L,91.81,98.1,0,Tidak,Non-Dropout
,AL GHANIYYU SYAHRUL P.,XII TO 2,XII,L,78.95,84.8,1,Tidak,Non-Dropout
222310037,BAGUS NUGROHO,XII TO 2,XII,L,81.56,90.4,1,Tidak,Non-Dropout
222310038,DENI HANGGARA,XII TO 2,XII,L,79.16,94.2,0,Ya,Non-Dropout
,FARHAN RIZKY RAMADAN,XII TO 2,XII,L,67.33,78.3,0,Tidak,Non-Dropout
222310040,HAYKAL AKBAR,XII TO 2,XII,L,69.03,86.7,0,Tidak,Non-Dropout
222310042,JULFIKAR TUARITA,XII TO 2,XII,L,79.77,83.9,0,Tidak,Non-Dropout
222310043,KENDRIK AL KWAJA PASA,XII TO 2,XII,L,91.94,98.1,1,Tidak,DO-Masalah
,M. RAIHAN AL FATIH RIZQI,XII TO 2,XII,L,71.08,85.8,3,Tidak,DO-Masalah
222310045,MOCH FAUZAN FIRDAUS,XII TO 2,XII,L,74.36,79.1,0,Tidak,Non-Dropout
222310046,MUHAMAD ALFIANSAH AS,XII TO 2,XII,L,79.62,83.5,3,Tidak,Non-Dropout
222310047,MUHAMMAD ADLIS KAIFA,XII TO 2,XII,L,66.5,74.4,1,Tidak,DO-Akademik
222310048,MUHAMMAD FAREL APRIANSYAH,XII TO 2,XII,L,66.42,68.8,0,Tidak,DO-Akademik
,MUHAMMAD MUKHSIN,XII TO 2,XII,L,76.71,69.2,0,Ya,Non-Dropout
222310050,MUHAMMAD RENDY ARYANTO,XII TO 2,XII,L,79.64,82.7,1,Tidak,Non-Dropout
222310051,MUHAMMAD RIZKY AKBAR,XII TO 2,XII,L,76.87,79.3,0,Ya,Non-Dropout
222310052,MUHAMMAD ZAKARIA,XII TO 2,XII,L,92.27,92.2,1,Tidak,Non-Dropout
222310053,RAYHAN IBNU KHAFI,XII TO 2,XII,L,78.69,81.8,0,Tidak,Non-Dropout
222310054,SAFEI MALIK,XII TO 2,XII,L,82.88,89.8,0,Tidak,Non-Dropout
,ASSYIFA ZAHRA,XI AKL ,XI,P,92.78,98.4,0,Tidak,Non-Dropout
232410182,ASTI NURAINI,XI AKL ,XI,P,93.63,84.1,0,Tidak,Non-Dropout
232410184,BUNGA,XI AKL ,XI,P,67.28,75.9,2,Tidak,DO-Masalah
232410185,CHARLA HERMELIA,XI AKL ,XI,P,76.98,92.8,1,Tidak,Non-Dropout
232410186,CITRA NAZWA AULIA,XI AKL ,XI,P,89.3,97.3,0,Tidak,Non-Dropout
232410187,DEFFA AL KHALIQA AQSHA,XI AKL ,XI,P,68.97,78.5,1,Ya,Non-Dropout
232410188,DELLA KARTIKA,XI AKL ,XI,P,72.61,74.4,0,Tidak,Non-Dropout
232410189,DIAN SHERLI APRILIA,XI AKL ,XI,P,69.62,82.4,0,Tidak,Non-Dropout
232410190,DIVA DAMAYANTI,XI AKL ,XI,P,69.1,81.5,1,Tidak,Non-Dropout
232410191,EKA RAHMA ANJANI,XI AKL ,XI,P,70.93,89.2,0,Tidak,Non-Dropout
232410192,FERDINAN,XI AKL ,XI,L,81.41,81.1,0,Tidak,Non-Dropout
232410193,HANA SYAFA'ATUL HUSNA,XI AKL ,XI,P,90.15,88.9,0,Tidak,Non-Dropout
232410194,HUSNUL HOTIMAH,XI AKL ,XI,P,92.22,89.2,0,Tidak,Non-Dropout
232410195,ILFI SANTI YOLA,XI AKL ,XI,P,80.1,77.4,0,Tidak,Non-Dropout
232410196,INTAN SARAH AZZARA,XI AKL ,XI,P,64.24,72.6,0,Tidak,DO-Akademik
232410197,KEISHA RAMADHANI,XI AKL ,XI,P,79.55,90.2,0,Tidak,Non-Dropout
232410198,KHAYLILA RAHMA RIZKIA,XI AKL ,XI,P,77.29,90.1,1,Tidak,Non-Dropout
232410199,KHEYLA AZAHRA,XI AKL ,XI,P,82.82,83.2,0,Tidak,Non-Dropout
232410200,MELANY PUTRI,XI AKL ,XI,P,78.97,94.2,0,Tidak,Non-Dropout
232410201,MUHAMMAD FADHEL ALAWY,XI AKL ,XI,L,65.63,89,0,Tidak,Non-Dropout
232410203,NUCHAHAYDA KUSUMAWARDHANI AINUNJANNAH,XI AKL ,XI,P,83.31,91.4,0,Tidak,Non-Dropout
232410204,PRATIWI DADANG MANIKA,XI AKL ,XI,P,63.46,86.3,0,Tidak,Non-Dropout
232410205,SALMA NAYLA AULIA ZAHRANI,XI AKL ,XI,P,74.48,88,0,Tidak,Non-Dropout
232410206,SYANIA MUTHIA ZAHRA,XI AKL ,XI,P,82.49,92.8,1,Tidak,Non-Dropout
232410207,SYARIFAH FATIMAH AZZAHRA ALKAFF,XI AKL ,XI,P,82.8,93.8,0,Tidak,Non-Dropout
232410208,TIARA,XI AKL ,XI,P,92.57,91.7,0,Tidak,Non-Dropout
232410209,TIARA WATI,XI AKL ,XI,P,61.1,68.5,0,Tidak,Non-Dropout
232410210,VERAWATI PAJRIN,XI AKL ,XI,P,82.72,87.3,0,Tidak,Non-Dropout
232410211,ZAKIA NURZAHRA,XI AKL ,XI,P,85.52,83.8,1,Tidak,Non-Dropout
232410001,AKMAL SYAEFI,XI TE,XI,L,77.38,79,0,Tidak,Non-Dropout
232410002,ANDRI MAULANA PRAYOGO,XI TE,XI,L,85.1,92.8,0,Tidak,Non-Dropout
232410003,DESTI ANANDA,XI TE,XI,P,71.18,73.3,1,Tidak,Non-Dropout
232410004,FAUZI DANANG PRASETYA,XI TE,XI,L,85.26,94.4,1,Tidak,Non-Dropout
232410006,IKHSAN RAMADANI,XI TE,XI,L,84.31,84.7,1,Tidak,Non-Dropout
232410007,KHAIRY MAHFUZH PUTRA AIMAN,XI TE,XI,L,72.15,77.2,0,Tidak,Non-Dropout
232410008,LULU ILMAKNUN,XI TE,XI,P,74.67,80.2,1,Tidak,Non-Dropout
232410009,MUHAMMAD IRWANSAH,XI TE,XI,L,78.48,94,1,Tidak,Non-Dropout
232410010,MUHAMMAD PUTRA ARDIYANTO,XI TE,XI,L,74.75,92.9,0,Tidak,Non-Dropout
232410011,NIZSA INDRIYANTI BUDIMAN,XI TE,XI,P,88.36,88.2,1,Tidak,Non-Dropout
232410218,RACHMAD FERDYANSYAH,XI TE,XI,L,81.4,94.7,0,Tidak,Non-Dropout
232410012,SABRINA RIZKY PUTRI,XI TE,XI,P,90.52,97.7,0,Tidak,Non-Dropout
232410013,SEPTIAN NUGROHO,XI TE,XI,L,89.4,84.7,0,Tidak,Non-Dropout
232410014,ZAHRA SALSABILA,XI TE,XI,P,80.49,85.7,1,Ya,Non-Dropout
232410081,AHMAD YADI,XI TKJ 1,XI,L,78.46,92.9,0,Ya,Non-Dropout
232410082,ANALIA SAFITRI,XI TKJ 1,XI,P,72.43,87.7,1,Tidak,Non-Dropout
232410083,ANDIKA PRANATA,XI TKJ 1,XI,L,73.56,83.1,2,Ya,Non-Dropout
232410084,ARIGA AL KAHFI SETIAWAN,XI TKJ 1,XI,L,73.59,92.5,0,Tidak,Non-Dropout
232410085,CAESARIO PRADITA SETIADI,XI TKJ 1,XI,L,82.78,91.6,0,Tidak,Non-Dropout
232410086,DEVITA AULYANA WULANDARI,XI TKJ 1,XI,P,72.93,90.4,1,Tidak,Non-Dropout
232410087,DIANA OCTAVIRA,XI TKJ 1,XI,P,80.63,94.7,1,Tidak,Non-Dropout
232410089,FAJAR MALIK IBRAHIM,XI TKJ 1,XI,L,81.54,91.1,0,Ya,Non-Dropout
232410090,FARHAN MAULANA,XI TKJ 1,XI,L,76.03,93.3,0,Tidak,Non-Dropout
232410091,GHEA ROBIATUL ADAWIYAH,XI TKJ 1,XI,P,78.51,89,0,Tidak,Non-Dropout
232410092,HANIFAH MUSLIMAH,XI TKJ 1,XI,P,91.56,89.9,2,Ya,Non-Dropout
232410093,HANIYAH ATHIFAH,XI TKJ 1,XI,P,92.9,92.2,0,Tidak,Non-Dropout
232410095,JAYA KELANA,XI TKJ 1,XI,L,73.74,91.1,0,Tidak,Non-Dropout
232410096,KAMILIYA NAURAH QURRATUAIN ALMAKAWI,XI TKJ 1,XI,P,78.44,91.2,0,Tidak,Non-Dropout
232410097,LATHIFA AZURE NUR VADILA,XI TKJ 1,XI,P,77.02,88.9,0,Ya,Non-Dropout
232410098,MEGA FUSFITA SARI,XI TKJ 1,XI,P,77.79,77.2,0,Tidak,Non-Dropout
232410099,MUHAMMAD ADITYA PRATAMA,XI TKJ 1,XI,L,92.28,84.2,0,Tidak,Non-Dropout
232410100,MUHAMMAD FAHMI IDRIS,XI TKJ 1,XI,L,85.49,87.4,1,Tidak,DO-Masalah
232410101,MUHAMMAD ILHAM ARFHASYAD,XI TKJ 1,XI,L,90.08,95.2,1,Tidak,Non-Dropout
232410102,MUHAMMAD LABIB MUSYARIF,XI TKJ 1,XI,L,94.22,98.8,1,Tidak,DO-Akademik
232410103,NATALIA DEBORA NENOBAIS,XI TKJ 1,XI,P,76.48,70.9,1,Tidak,DO-Akademik
232410104,NURISMA ALIKA,XI TKJ 1,XI,P,78.5,86,1,Tidak,DO-Masalah
232410105,NURJANAH,XI TKJ 1,XI,P,80.32,84.6,0,Tidak,Non-Dropout
232410107,RENDY SOMBA,XI TKJ 1,XI,L,88.21,89.2,0,Tidak,Non-Dropout
232410108,RIFAN AKHDAN ZAIDAAN,XI TKJ 1,XI,L,79.27,88.5,0,Tidak,Non-Dropout
232410110,SINTA PUTRI GALIANTI,XI TKJ 1,XI,P,85.17,83.5,0,Ya,Non-Dropout
232410111,SYALSHABILLA NAMIRA OKTAVIA ZAKHROTUS SHYNTA,XI TKJ 1,XI,P,89.35,81.7,1,Tidak,Non-Dropout
232410112,THORIQ AKBAR BECKHAM,XI TKJ 1,XI,L,89.31,96.8,0,Tidak,Non-Dropout
232410113,TIARA NUR RAHMAWATI,XI TKJ 1,XI,P,83.57,93.3,2,Tidak,Non-Dropout
232410217,ZALFA NABILLA BILQIS,XI TKJ 1,XI,P,73.69,82.8,0,Tidak,Non-Dropout
232410115,AKMAL NURFADHIL KOSWARA,XI TKJ 2,XI,L,67.57,82.8,0,Tidak,Non-Dropout
232410116,ANDRIAN KURNIA SAPUTRA,XI TKJ 2,XI,L,88.97,85.7,0,Tidak,Non-Dropout
232410117,AZKA WILDAN AQILLA,XI TKJ 2,XI,L,83.65,79.4,0,Tidak,Non-Dropout
232410118,DAFI ADITYA PUTRA,XI TKJ 2,XI,L,72.5,89.3,0,Tidak,Non-Dropout
232410119,DEBBY RIVANI,XI TKJ 2,XI,P,75.96,81.8,0,Tidak,Non-Dropout
232410120,FACHRY RABBANI,XI TKJ 2,XI,L,76.41,79.1,0,Tidak,Non-Dropout
232410121,FAHRI PRATAMA,XI TKJ 2,XI,L,66.6,79.4,1,Tidak,Non-Dropout
232410122,FAIRUZ SETIANTO A,XI TKJ 2,XI,L,82.01,95.1,0,Tidak,Non-Dropout
232410123,FARAH FADHILAH,XI TKJ 2,XI,P,73.7,88.3,1,Ya,Non-Dropout
232410124,FAUZAN AL RIZAL,XI TKJ 2,XI,L,77.64,88.2,0,Tidak,Non-Dropout
232410125,FEBRYAN PRATAMA PUTRA,XI TKJ 2,XI,L,85.92,89.8,0,Tidak,Non-Dropout
232410126,HALFA NATASYA KHOIRUN NISA,XI TKJ 2,XI,P,79.23,92.7,0,Tidak,Non-Dropout
232410127,KARLINA AGUSTIN,XI TKJ 2,XI,P,84.34,93.4,0,Tidak,Non-Dropout
232410128,KEVIN HIZKIA WAWO,XI TKJ 2,XI,L,83.38,80,0,Tidak,Non-Dropout
232410129,LEONARDUS REYMOND SETIAWAN,XI TKJ 2,XI,L,80.25,85.9,0,Tidak,Non-Dropout
232410130,M REHAN,XI TKJ 2,XI,L,80.39,83.3,1,Tidak,Non-Dropout
232410131,MARIA TELEHALA,XI TKJ 2,XI,P,94.89,93.3,1,Tidak,Non-Dropout
232410132,MARWAN RADITYA IRAWAN,XI TKJ 2,XI,L,78.63,86.5,0,Tidak,Non-Dropout
232410134,MUTIARA,XI TKJ 2,XI,P,93.02,78.5,1,Tidak,Non-Dropout
232410135,NAILA AFIFA ADZRA,XI TKJ 2,XI,P,72.69,92.3,0,Tidak,Non-Dropout
232410136,NARA DIAS PRAMESWARI,XI TKJ 2,XI,P,85.84,90.8,0,Tidak,Non-Dropout
232410137,NAYLA APRILIAYANI,XI TKJ 2,XI,P,81.37,76.6,0,Tidak,Non-Dropout
232410138,NUR AFDILAH SARI,XI TKJ 2,XI,P,74.17,92.7,0,Tidak,Non-Dropout
232410139,RAFFAY UZIEL ARFANSANTOSO,XI TKJ 2,XI,L,58.82,81.6,1,Tidak,Non-Dropout
232410140,RAMADHIAN ALFAREZA R,XI TKJ 2,XI,L,92.76,94.2,0,Tidak,Non-Dropout
232410074,RAYFANDRA FADHILLAH PUTRA,XI TKJ 2,XI,L,70.76,84.7,0,Tidak,Non-Dropout
232410141,RIKA AZZAHRA,XI TKJ 2,XI,P,72.3,86,0,Tidak,Non-Dropout
232410142,SRI RAHAYU ANAH,XI TKJ 2,XI,P,81.04,84.3,0,Tidak,Non-Dropout
232410143,TALITHA NABIHA HIDAYAT,XI TKJ 2,XI,P,80.46,76.7,0,Tidak,Non-Dropout
232410144,TYARA NOVALYA,XI TKJ 2,XI,P,82.23,83.9,1,Tidak,Non-Dropout
232410145,YOLANDA,XI TKJ 2,XI,P,77.97,87.8,1,Tidak,DO-Akademik
232410146,ZAHVIRA NUR MARIZKA,XI TKJ 2,XI,P,68,83.8,0,Tidak,Non-Dropout
232410147,ZIHAN AZZAHRA,XI TKJ 2,XI,P,86.94,93.5,1,Tidak,Non-Dropout
232410148,ABDUL FATHI ALBANI,XI TKJ 3,XI,L,72.76,84.4,2,Tidak,DO-Masalah
232410149,ADINDA PUTRI LESTARI,XI TKJ 3,XI,P,81.79,73.3,0,Tidak,Non-Dropout
232410150,AGIL TEGAR AL GHAFFAR,XI TKJ 3,XI,L,84.6,93.3,1,Tidak,Non-Dropout
232410152,ANDINI NAFI SALASIKA,XI TKJ 3,XI,P,89.46,84.9,2,Tidak,Non-Dropout
232410153,ARYA WIJAYA,XI TKJ 3,XI,L,78.26,78,0,Ya,Non-Dropout
232410154,AZZAHRA VADIA KHOIRUNISA,XI TKJ 3,XI,P,77.56,84.3,0,Tidak,Non-Dropout
232410155,BETA ZAYYANA ISMAYANTO,XI TKJ 3,XI,P,78.13,77.8,1,Tidak,Non-Dropout
232410156,BIMA SAKTI PRATAMA,XI TKJ 3,XI,L,65.21,84.9,0,Tidak,Non-Dropout
232410157,CITRA CHANDRA NINGTYAS,XI TKJ 3,XI,P,73.96,79.3,0,Tidak,Non-Dropout
232410158,DEWI ASPURI,XI TKJ 3,XI,P,71.96,92,0,Ya,Non-Dropout
232410159,DIMITRIO HANANIA YOHANES,XI TKJ 3,XI,L,70.8,82.6,0,Tidak,Non-Dropout
232410160,FARAH NADILAH APRILLA,XI TKJ 3,XI,P,81.34,83.9,0,Ya,Non-Dropout
232410161,FIKA SUCI RAHMADANI,XI TKJ 3,XI,P,77.51,82.1,1,Tidak,Non-Dropout
232410162,GITA CAHAYA PUTRI,XI TKJ 3,XI,P,92.77,77.1,1,Tidak,Non-Dropout
232410163,INDRA FATURROHMAN,XI TKJ 3,XI,L,91.91,85.1,0,Tidak,Non-Dropout
232410164,INTAN DEWI PURNAMA,XI TKJ 3,XI,P,64.94,77.6,1,Tidak,Non-Dropout
232410165,JANUS BILLAWAL ANWAR,XI TKJ 3,XI,L,80.98,85.2,0,Tidak,Non-Dropout
232410166,JEPRY ZULLKIPLI,XI TKJ 3,XI,L,71.99,70.3,0,Tidak,DO-Akademik
232410167,KEVIN AL FAYYADH KAINDRASWARA,XI TKJ 3,XI,L,84.45,88.6,0,Tidak,Non-Dropout
232410168,LIONEL FERDINAN MESSI SINAGA,XI TKJ 3,XI,L,81.26,94.9,0,Tidak,Non-Dropout
232410169,MARYUNITA SYA'AROFA,XI TKJ 3,XI,P,87.44,86.6,1,Tidak,Non-Dropout
232410170,MEISHA KAILA PUTRI,XI TKJ 3,XI,P,82.49,87.5,0,Tidak,Non-Dropout
232410171,MUHAMMAD KHASBI ASROR,XI TKJ 3,XI,L,86.09,91.7,0,Tidak,Non-Dropout
232410172,MUHAMMAD NURUL HUDA,XI TKJ 3,XI,L,77.61,81.2,0,Tidak,Non-Dropout
232410173,MUHAMMAD YODHA ARKANATHA,XI TKJ 3,XI,L,59.94,78.1,0,Tidak,Non-Dropout
232410174,NAEDYLA DIRGAHAYU PUTRI,XI TKJ 3,XI,P,70.52,90.3,1,Ya,Non-Dropout
232410216,NAILA FAKHRIYAH EL-HARITS,XI TKJ 3,XI,P,73.16,86.2,0,Tidak,Non-Dropout
232410175,NAYLA RAHMALIA,XI TKJ 3,XI,P,76.08,78.1,0,Tidak,Non-Dropout
232410176,NUR ARTIA MECCA,XI TKJ 3,XI,P,71.9,73.2,0,Tidak,Non-Dropout
232410177,PUANG MAHANI BADAWI,XI TKJ 3,XI,P,93.07,98.5,0,Tidak,Non-Dropout
232410106,RAISYA MULIA SYAWALANI,XI TKJ 3,XI,P,78.65,89.6,0,Tidak,Non-Dropout
232410178,REVITA ZAHRA,XI TKJ 3,XI,P,90.37,80.2,1,Tidak,Non-Dropout
232410179,RIZKY GUNAWAN,XI TKJ 3,XI,L,77.29,87.4,0,Tidak,Non-Dropout
232410180,RUSTY UMAR SAWIE,XI TKJ 3,XI,L,93.23,95.6,0,Tidak,Non-Dropout
232410015,ABDULLAH DARWISY SYAKIR,XI TO 1,XI,L,70.4,85.1,1,Tidak,Non-Dropout
232410016,AHMAD LUTHFI DUHA,XI TO 1,XI,L,84.8,76.7,2,Tidak,Non-Dropout
232410018,ALBRILIAN RASYA SAPUTRA,XI TO 1,XI,L,69.36,91.2,0,Tidak,Non-Dropout
232410019,ARJUNA ABDI PRATAMA,XI TO 1,XI,L,83.54,92.2,0,Tidak,Non-Dropout
232410020,ARYA BUDI PRASETIYA,XI TO 1,XI,L,92.69,89.9,1,Tidak,Non-Dropout
232410021,CHANDRA WIJAYA,XI TO 1,XI,L,66.93,87.7,0,Tidak,Non-Dropout
232410022,DEWANDRA PUTRA P,XI TO 1,XI,L,73.02,83.8,0,Tidak,Non-Dropout
232410023,DIMAS RAHMADI SUJATMIKO,XI TO 1,XI,L,81.96,85.8,0,Tidak,Non-Dropout
232410024,ERIK SETIAWAN,XI TO 1,XI,L,78.51,92.6,0,Tidak,Non-Dropout
232410025,FASYAH FADILAH APRILIAN,XI TO 1,XI,L,69.05,71.3,1,Tidak,DO-Akademik
232410026,FEBRYAN DWI PERMANA,XI TO 1,XI,L,89.25,96.6,0,Tidak,Non-Dropout
232410027,GERALD OMEGA JONATHANS,XI TO 1,XI,L,80.42,90.1,1,Tidak,Non-Dropout
232410028,IFANDRA ARFIANSYAH,XI TO 1,XI,L,90.35,95.5,0,Tidak,Non-Dropout
232410029,LEONARDO SARWO SAMBODO,XI TO 1,XI,L,82.55,94.1,1,Ya,Non-Dropout
232410030,M. RAFFA SYAH NURDIN,XI TO 1,XI,L,70.77,91.7,0,Tidak,Non-Dropout
232410219,M.WALIYA HAFIZH,XI TO 1,XI,L,76.15,93.3,0,Tidak,Non-Dropout
232410031,MEIDIKA ALIFI,XI TO 1,XI,L,91.06,96.5,0,Tidak,Non-Dropout
232410032,MELANDRI JURMANSYAH,XI TO 1,XI,L,68.91,81.6,0,Tidak,Non-Dropout
232410033,MUHAMAD NUR FADLY RUDIANA,XI TO 1,XI,L,76.27,90.8,0,Tidak,Non-Dropout
232410034,MUHAMMAD AZIIS IRAWAN,XI TO 1,XI,L,84.8,85.9,2,Tidak,Non-Dropout
232410036,MUHAMMAD HAIKAL ADITYA ATMAJA,XI TO 1,XI,L,88.12,83.9,0,Tidak,Non-Dropout
232410037,MUHAMMAD LUTHFI,XI TO 1,XI,L,86.62,92.5,0,Ya,Non-Dropout
232410038,MUHAMMAD RANGGA FAUZAN,XI TO 1,XI,L,68.21,86.3,1,Tidak,DO-Masalah
232410039,MUHAMMAD WILDAN FADILAH,XI TO 1,XI,L,96.69,99.6,1,Tidak,Non-Dropout
232410040,RAFASYA DIVI SAPUTRA,XI TO 1,XI,L,78.68,73.5,1,Tidak,Non-Dropout
232410041,RAIHAN NABIEL AKBAR YONGKEN,XI TO 1,XI,L,80.1,91.5,0,Tidak,Non-Dropout
232410042,RAIS RADITIA,XI TO 1,XI,L,79.98,91.9,0,Tidak,Non-Dropout
232410043,REFAN NANDA TYAS DWI SAPUTRA,XI TO 1,XI,L,78.14,87.8,1,Tidak,Non-Dropout
232410044,RIFKI RAMADHAN,XI TO 1,XI,L,72.26,92.1,0,Tidak,Non-Dropout
232410045,SATRIO HISYAM AL MAHDI,XI TO 1,XI,L,77.38,81.3,0,Tidak,Non-Dropout
232410046,WILI ADITIYA PUTRA P,XI TO 1,XI,L,90.58,93.1,1,Tidak,Non-Dropout
232410080,ZAIN SAMRIJAL FAUZI,XI TO 1,XI,L,69.1,82,1,Tidak,Non-Dropout
232410047,ADITYA NUR SAPUTRA,XI TO 2,XI,L,60.54,81.6,1,Tidak,DO-Akademik
232410215,ADLY RIZKY DANIEL,XI TO 2,XI,L,84.28,82.8,1,Tidak,DO-Masalah
232410049,ALBERT JOESTEIN UTWALY,XI TO 2,XI,L,82.7,87.6,0,Tidak,Non-Dropout
232410050,ALI RAHMAN,XI TO 2,XI,L,85.82,93.8,0,Tidak,Non-Dropout
232410051,ARVA ADLYN NAZURAH,XI TO 2,XI,L,93.82,92.7,0,Tidak,Non-Dropout
232410053,DAFI ADITYA SANTOSO,XI TO 2,XI,L,74.2,88.2,0,Tidak,Non-Dropout
232410054,DUTA SYARMAN AUDACH GUNAWAN,XI TO 2,XI,L,81.42,83.3,0,Tidak,Non-Dropout
232410055,EXCEL ANDREA SAPUTRA,XI TO 2,XI,L,84.02,95.7,0,Ya,Non-Dropout
232410056,EZHAR DARUSSALAM,XI TO 2,XI,L,89.85,86.3,0,Tidak,Non-Dropout
232410057,FAIZ AL FAREZI,XI TO 2,XI,L,88.21,90.4,1,Tidak,Non-Dropout
232410059,FAVIAN MA'RUF MAULANA,XI TO 2,XI,L,73.26,89.4,0,Tidak,Non-Dropout
232410060,GEMA AULIA RAMADHAN,XI TO 2,XI,L,68.98,83.2,0,Tidak,Non-Dropout
232410061,HASBY NURHIDAYAT,XI TO 2,XI,L,77.82,91.9,0,Tidak,Non-Dropout
232410062,I'ZAZ ANANDA PUTRA,XI TO 2,XI,L,67.1,85,0,Tidak,Non-Dropout
232410063,M. HILMY MUFID,XI TO 2,XI,L,88.88,97.2,1,Tidak,Non-Dropout
232410064,M. RAKKA SATRIA,XI TO 2,XI,L,76.84,90.3,0,Tidak,Non-Dropout
,M.NABIL ADIB RAMADHAN,XI TO 2,XI,L,77.15,89.4,2,Tidak,DO-Masalah
232410065,MEIRGA ADITYA,XI TO 2,XI,L,72.88,80.4,1,Tidak,Non-Dropout
232410066,MOHAMAD RAMA ALVIANTO,XI TO 2,XI,L,92.19,94.4,0,Tidak,Non-Dropout
232410067,MUHAMMAD ADITYA,XI TO 2,XI,L,82.3,94.9,0,Tidak,Non-Dropout
232410068,MUHAMMAD EVAN FADILLA,XI TO 2,XI,L,76.7,89.4,1,Tidak,Non-Dropout
232410069,MUHAMMAD FAHRI NURIZKI,XI TO 2,XI,L,84.89,83.3,0,Tidak,Non-Dropout
232410070,MUHAMMAD JENAL ABIDIN,XI TO 2,XI,L,79.32,84,0,Tidak,Non-Dropout
232410071,MUHAMMAD PUTRA RAMADHAN,XI TO 2,XI,L,84.75,87.7,1,Tidak,Non-Dropout
232410072,MUHAMMAD RIYAN MAULANA,XI TO 2,XI,L,90.55,91.1,0,Tidak,Non-Dropout
232410073,R. ARIES YAHYA,XI TO 2,XI,L,77.88,78.2,0,Tidak,Non-Dropout
232410075,REZA PAHLEVY,XI TO 2,XI,L,84.1,95.7,1,Tidak,Non-Dropout
232410076,SAHL FADHILAH REYHAN,XI TO 2,XI,L,83.82,88.2,0,Tidak,Non-Dropout
232410077,SEBASTIAR,XI TO 2,XI,L,89.07,91.2,1,Tidak,Non-Dropout
232410078,TRI OKTAPIANSAH,XI TO 2,XI,L,84.75,86.3,0,Tidak,Non-Dropout
232410079,WIRA MUKTI ALFIANSYAH,XI TO 2,XI,L,80.26,87.5,0,Tidak,Non-Dropout
,ADINDA ZHAFIRA SARAPOVA,X AKL,X,P,74.86,92.9,0,Tidak,Non-Dropout
,ALEA DAMITHA RAISSA,X AKL,X,P,82.36,82.3,0,Tidak,Non-Dropout
,ANAYA ISHMA MAYDRIYANI,X AKL,X,P,71.63,81.8,0,Tidak,Non-Dropout
,ANNIDA KHOLIANA DAULAY,X AKL,X,P,85.24,82.7,0,Tidak,Non-Dropout
242510146,ANNISA NUR ZAHRA,X AKL,X,P,80.47,84.3,1,Tidak,Non-Dropout
,ASYIFA NUR RAHMA,X AKL,X,P,84.39,95.8,0,Tidak,Non-Dropout
,AURA AZZAHRA,X AKL,X,P,75.84,82.3,0,Tidak,Non-Dropout
242510149,AUREL NAZWA,X AKL,X,P,73.58,82.7,1,Tidak,Non-Dropout
,AZAHRA ALFIYANI,X AKL,X,P,72.69,73.9,1,Tidak,Non-Dropout
,BELVA PUTRI OKTAVIA,X AKL,X,P,88.85,88,0,Tidak,Non-Dropout
242510152,CHARISSA ALQARISNA LARASATI,X AKL,X,P,78.25,88.5,0,Tidak,Non-Dropout
,CHRISTALEA ISABELLA  QUENNLY KOYO,X AKL,X,P,78.16,83.9,0,Tidak,DO-Masalah
,FABIAN AFDAREJA,X AKL,X,L,65.68,80.7,1,Tidak,Non-Dropout
,FIKA ADE PUTRI,X AKL,X,P,79.54,92.6,0,Tidak,Non-Dropout
,KEISHA QUEEN RAMADHIAN ASSHALA,X AKL,X,P,52.32,82.5,1,Tidak,DO-Akademik
,KIRANIA APRILIA,X AKL,X,P,90.9,90.3,0,Tidak,Non-Dropout
242510158,LAUDYA SABRINA PUTRY,X AKL,X,P,78.07,82,0,Ya,Non-Dropout
,LEONY MICHELEA SIREGAR,X AKL,X,P,80.17,78.1,0,Tidak,Non-Dropout
,MUHAMMAD RASYAH RAMADHAN,X AKL,X,L,68.57,91,0,Tidak,Non-Dropout
,NASYA RIZKY KHOFIFAH,X AKL,X,P,71.23,75.1,0,Tidak,Non-Dropout
,NIA LUTFIANI,X AKL,X,P,84.84,93.2,0,Tidak,Non-Dropout
,NILAM CAHAYA,X AKL,X,P,78.33,85.9,0,Tidak,DO-Akademik
242510164,OLIVIA BELTA,X AKL,X,P,83.43,84,0,Tidak,Non-Dropout
,OLIVIA BIANDA ZIYAN SAQIELA,X AKL,X,P,90.17,96.3,0,Ya,Non-Dropout
,RAISHA ZULFA KIRANA,X AKL,X,P,85.31,84.5,2,Tidak,Non-Dropout
,SYARIFAH HILWA ALKAFF,X AKL,X,P,64.81,89.8,0,Tidak,Non-Dropout
,TASYA FAIRUZ KHALISAH,X AKL,X,P,72.12,78.7,2,Tidak,DO-Masalah
,YAMA ANDIRA SAPUTRI,X AKL,X,P,70.91,88,0,Tidak,Non-Dropout
242510001,ALPAHRIANSYAH,X TE,X,L,72.72,92.3,0,Tidak,Non-Dropout
242510002,ALYA AULIA SALSABILA,X TE,X,P,63.36,76.4,1,Tidak,Non-Dropout
,DARELL HADRIAN,X TE,X,L,63.59,89.5,0,Tidak,DO-Akademik
242510004,ENJELIKA NAOMI,X TE,X,P,74.05,91.2,0,Tidak,Non-Dropout
,HALIM HAMDAN RAFIQI,X TE,X,L,75.22,72.2,1,Tidak,Non-Dropout
242510006,JAVIER ABQARI ARDANTHA,X TE,X,L,84.13,95.8,2,Tidak,Non-Dropout
,NADIA EFITA SAFITRI,X TE,X,P,77.4,93.7,0,Ya,Non-Dropout
,RIZKY RAMADHANI,X TE,X,L,91.37,89.5,1,Tidak,Non-Dropout
,SALMA SANTIKA WULANDARI,X TE,X,P,65.38,81.9,0,Ya,Non-Dropout
242510010,SASYA SYAFITRI,X TE,X,P,68.87,86.6,1,Tidak,Non-Dropout
,VIANTIKA DWI JULIANTI,X TE,X,P,81.99,76.2,0,Tidak,Non-Dropout
,YURI AURA LESTARI,X TE,X,P,77.81,88,0,Tidak,Non-Dropout
,AFGA NAUFAL PRATAMA,X TKJ 1,X,L,72.08,91.1,0,Tidak,Non-Dropout
,AJENG ILAYKANADIRA,X TKJ 1,X,P,86.14,86,0,Tidak,Non-Dropout
,ALEA DEA MOZZA,X TKJ 1,X,P,88.7,97.2,0,Tidak,Non-Dropout
,ALIF FADHLURROHMAN,X TKJ 1,X,P,90.47,97.7,1,Tidak,Non-Dropout
,ALIFFATURRAHMAN MAKKARUMPA,X TKJ 1,X,L,76.79,74.2,0,Tidak,Non-Dropout
,ANISA DHIYA ULHAQ,X TKJ 1,X,L,79.93,76.1,0,Tidak,Non-Dropout
,ARZA FIQRI GHOZALI,X TKJ 1,X,P,81.81,83.7,1,Ya,Non-Dropout
,CANTIKA SILKA MIFTAKHUL JANNAH,X TKJ 1,X,L,80.44,91.8,1,Ya,Non-Dropout
,DENNIS REIVAN YOHANES,X TKJ 1,X,P,88.15,92.5,0,Tidak,Non-Dropout
,DINDA FAIRUZ NURI,X TKJ 1,X,L,76.05,80.6,0,Tidak,Non-Dropout
,EVAN FADILAH AFRIZAL,X TKJ 1,X,P,82.94,81.3,0,Tidak,Non-Dropout
,FAHRI AL-FARIZI,X TKJ 1,X,L,62.3,77.6,0,Tidak,DO-Akademik
,FAIZAH DISTINA OCTAVIANI,X TKJ 1,X,L,86.02,96.3,0,Tidak,Non-Dropout
,GIO PUTRA RAMADHAN,X TKJ 1,X,P,93.1,85.6,0,Tidak,Non-Dropout
,IBRAHIM MUBAROK,X TKJ 1,X,L,79.77,83.9,0,Tidak,Non-Dropout
,INEZTA SYALFALIA HUSNADIN,X TKJ 1,X,L,88.28,96.2,1,Tidak,Non-Dropout
,KEISYA KIRANI DEWI,X TKJ 1,X,P,66.69,81.8,2,Ya,Non-Dropout
,KEIZA AYU RAMADANI,X TKJ 1,X,P,77.32,80.5,1,Tidak,Non-Dropout
,LADIESA SEPTIANA RAMADHANI,X TKJ 1,X,P,67.65,90.7,0,Tidak,Non-Dropout
,LETHISYA SHAZIA,X TKJ 1,X,P,82.54,90.5,0,Tidak,DO-Akademik
,MA'LA KHOIRIYAH,X TKJ 1,X,P,84.17,84.5,0,Tidak,Non-Dropout
242510089,MUHAMAD ABDUL HADI,X TKJ 1,X,P,69.02,81.8,1,Tidak,Non-Dropout
,MUHAMMAD GILANG SETIAWAN,X TKJ 1,X,L,73.21,91.5,0,Tidak,Non-Dropout
,NADIRA RAMADHANI,X TKJ 1,X,L,75.3,83.9,0,Tidak,Non-Dropout
,NADYA SALSABILA,X TKJ 1,X,P,98,94.8,0,Tidak,Non-Dropout
,NAKIA SWEETY VADINCHA,X TKJ 1,X,P,79.4,93.1,1,Tidak,Non-Dropout
,NELVI ARLIA,X TKJ 1,X,P,80.95,94.3,0,Ya,Non-Dropout
,NOVITA PURNAMASARI,X TKJ 1,X,P,82.87,76.9,1,Tidak,Non-Dropout
,RAFA RIZAL,X TKJ 1,X,L,82.37,85.3,0,Tidak,Non-Dropout
,RAKHA KHEIZA WINARDI,X TKJ 1,X,L,78.08,85,0,Tidak,Non-Dropout
,RIDHO AL FAYYADH PRATAMA,X TKJ 1,X,L,69.34,85.1,0,Tidak,Non-Dropout
242510098,SAVA MAHESA,X TKJ 1,X,P,74.55,90.9,3,Tidak,DO-Masalah
,SIFA NUR AULIA,X TKJ 1,X,P,93.06,98.5,1,Tidak,Non-Dropout
,SYAKIRA RAMADHANI,X TKJ 1,X,P,82.04,85.5,0,Tidak,Non-Dropout
242510101,VIERDY ADAMS RUSWANDY,X TKJ 1,X,P,77.01,79.8,0,Tidak,Non-Dropout
,YULYANAH,X TKJ 1,X,P,69.16,85.7,0,Tidak,Non-Dropout
,ZAHRA PUTRI RAMADHANI,X TKJ 1,X,P,79.54,83.9,1,Tidak,Non-Dropout
,ZIVANNA GENDHIS NAMIRA KHAZANY,X TKJ 1,X,P,80.24,94.6,1,Tidak,Non-Dropout
,AISYAH ABDUL BASHAR,X TKJ 2,X,P,74.77,88.5,0,Tidak,Non-Dropout
,AJENG GAYATRI PADMA DEWI,X TKJ 2,X,P,87.12,90.3,2,Tidak,Non-Dropout
,AL - DIRA AGYA PUTRA JANUAR,X TKJ 2,X,L,75.28,92.7,0,Tidak,Non-Dropout
242510108,AMIRULLOH,X TKJ 2,X,L,78.64,83.2,0,Tidak,Non-Dropout
242510109,ARAUF RIZKI FADILA,X TKJ 2,X,L,86.73,87.7,0,Tidak,Non-Dropout
,ASYIFA LUTHFIANI,X TKJ 2,X,P,81.78,87.3,0,Tidak,Non-Dropout
,CAHYA DARA AULIYA NB,X TKJ 2,X,P,88.97,94.7,0,Tidak,Non-Dropout
242510112,DIBYA AFRIL ANDINI,X TKJ 2,X,P,78.16,93.9,1,Tidak,Non-Dropout
,EVAN GHEYSAR SULTANI LUBIS,X TKJ 2,X,L,76.53,91.8,0,Tidak,Non-Dropout
,FAIQ AFLAH PUTRA ISMA RITONGA,X TKJ 2,X,L,83.74,93.8,0,Tidak,Non-Dropout
,FIRMANSYAH INDRATNO,X TKJ 2,X,L,81.71,87,0,Tidak,Non-Dropout
,GUNTORO BAMBANG SANTOSO,X TKJ 2,X,L,89.48,93.1,0,Tidak,Non-Dropout
,HARIS SAPUTRA,X TKJ 2,X,L,83.24,87.4,1,Ya,Non-Dropout
,HAYKAL,X TKJ 2,X,L,79.78,94.4,1,Tidak,DO-Masalah
,ILHAM YUDI DARMAWAN,X TKJ 2,X,L,83.59,85,0,Tidak,Non-Dropout
242510119,JUAN WAHHAB PARTAMA JIPUTRA,X TKJ 2,X,L,85.24,89,0,Ya,Non-Dropout
242510120,KAREN WULANDARI,X TKJ 2,X,P,71.03,86.6,0,Tidak,Non-Dropout
,KENZO TANJAYA,X TKJ 2,X,L,78.85,92.5,0,Tidak,Non-Dropout
,M.RASYA IBNU NASIR,X TKJ 2,X,L,77.32,82.4,1,Tidak,DO-Akademik
,MARIO FATHIN RONDONUWU,X TKJ 2,X,L,89.6,89.3,0,Tidak,Non-Dropout
,MUHAMMAD ALDI FIRMANSYAH,X TKJ 2,X,L,76.12,81.5,0,Tidak,Non-Dropout
,MUHAMMAD FAKHRI AFFANDI,X TKJ 2,X,L,88.51,82,0,Tidak,Non-Dropout
,MUHAMMAD GIBRAN BRAMANTYO,X TKJ 2,X,L,69.88,91.4,0,Tidak,Non-Dropout
,MUHAMMAD RAMADHAN,X TKJ 2,X,L,79.56,90.6,0,Tidak,Non-Dropout
,NADIA MHEILIA NADIFAH,X TKJ 2,X,P,88.54,81,1,Tidak,Non-Dropout
,NAURA ADZKIA SHODA,X TKJ 2,X,P,77.91,81,0,Tidak,Non-Dropout
,NOVAL ISAD ALIZKY,X TKJ 2,X,L,89.22,94.2,0,Tidak,Non-Dropout
,NURAINI,X TKJ 2,X,P,63.78,79,0,Tidak,Non-Dropout
,PUTRI KHOLIFAH RAMDANI,X TKJ 2,X,P,80.22,81.2,0,Tidak,Non-Dropout
242510132,PUTRI MEI LESTARI,X TKJ 2,X,P,81.29,94.9,0,Tidak,Non-Dropout
,RAISYA CHAIRALINA,X TKJ 2,X,P,79,84.4,0,Tidak,Non-Dropout
,RANU FAUZIANSYAH,X TKJ 2,X,L,67.93,81.8,0,Tidak,DO-Akademik
,SILFI AMELIA,X TKJ 2,X,P,85.33,93,0,Ya,Non-Dropout
,TIARA LESTARI,X TKJ 2,X,P,61.36,77.6,1,Tidak,DO-Akademik
,YESA LADY DREA TAMPUBOLON,X TKJ 2,X,P,87.59,90.2,1,Tidak,Non-Dropout
,ZAHRA KARISHA NAZOYA,X TKJ 2,X,P,82.33,89.5,0,Tidak,Non-Dropout
,ZAHRA NAHWA AL IZAH,X TKJ 2,X,P,87.9,94.9,1,Tidak,DO-Masalah
242510141,ZHAFRAN AXEL,X TKJ 2,X,L,77.97,82.5,2,Ya,Non-Dropout
,ABDI ARYO NURFADILAH,X TO 1,X,L,71.11,91.8,2,Tidak,Non-Dropout
,ADITYA,X TO 1,X,L,75.87,88.7,0,Tidak,Non-Dropout
,AHMAD NUR SYAFIQ,X TO 1,X,L,76.29,93.4,0,Ya,Non-Dropout
,AL FAATHIR ARRAJ,X TO 1,X,L,84.79,90.6,0,Tidak,Non-Dropout
,ANANDA RAFKA VALENTINO KUSUMA,X TO 1,X,L,77.51,83.6,0,Tidak,Non-Dropout
,ANGGI SAPUTRA IRAWAN,X TO 1,X,L,83.32,85.4,0,Tidak,Non-Dropout
,ARDA ZEMA RAMADHAN,X TO 1,X,L,83.88,81.8,2,Tidak,DO-Masalah
242510020,ARDAN ALI,X TO 1,X,L,91.38,91.2,0,Tidak,Non-Dropout
,DAFA RIZKI RIAHWAN,X TO 1,X,L,64.12,82.4,1,Tidak,Non-Dropout
,DAREL MOHAMMAD RASYA,X TO 1,X,L,76.79,92.4,0,Tidak,Non-Dropout
242510023,DHAVA RIZKY KURNIAWAN,X TO 1,X,L,85.54,89.9,0,Tidak,Non-Dropout
,ERLIANO DZAKWAN FADHIL FAJARI,X TO 1,X,L,85.56,84,1,Tidak,Non-Dropout
,FARTIAN NANDA LEWOGETE,X TO 1,X,L,75.58,92.8,0,Ya,Non-Dropout
,HANIF ZULFA MAKARRIM,X TO 1,X,L,77.95,84.3,0,Tidak,Non-Dropout
,IHZA RADINAL MUSLIM,X TO 1,X,L,79.33,89.1,1,Tidak,Non-Dropout
242510028,IRSYAD ZAMZAMI,X TO 1,X,L,81.13,94.8,0,Ya,Non-Dropout
,LENDRA AHMAD SETIO,X TO 1,X,L,75.59,93.1,0,Tidak,Non-Dropout
,M.NUR FADLI PUTRA RIYADI,X TO 1,X,L,74.96,81.5,0,Tidak,Non-Dropout
,MAULANA NUR AFIF A.W,X TO 1,X,L,71.17,84.2,1,Tidak,DO-Akademik
242510032,MUHAMMAD FACHRI ILHAM,X TO 1,X,L,77.08,93.6,1,Tidak,Non-Dropout
,MUHAMMAD SYARIF HIDAYATULLOH,X TO 1,X,L,91.22,97.3,0,Tidak,Non-Dropout
,NICHOLAS KEANDRA ALFARISYI,X TO 1,X,L,72.55,88.7,0,Tidak,Non-Dropout
,PIKI ADITIA,X TO 1,X,L,87.84,95.6,0,Ya,Non-Dropout
,RADITYA ABDIEL SETIAWAN,X TO 1,X,L,95.65,78.7,0,Tidak,Non-Dropout
,RADITYA DAMARIS,X TO 1,X,L,81.79,86.2,0,Tidak,Non-Dropout
,RAFIANSYAH RIZKI FAHREZI,X TO 1,X,L,98,84,0,Tidak,Non-Dropout
242510039,RAMA RIZKY HAQ NAHAR,X TO 1,X,L,79.07,83.2,1,Tidak,DO-Masalah
,RIDHO AKBAR SATRYO,X TO 1,X,L,93.54,89.2,0,Tidak,Non-Dropout
,SHORAYA SETIANA NUGRAHA,X TO 1,X,L,79.84,90.4,0,Tidak,Non-Dropout
,ADE RIZLI BASOROH,X TO 2,X,L,70.54,91.6,0,Tidak,Non-Dropout
,AHMAD DAFFA ALWA RIZAL / AHMAD DAFA ALFAREZA,X TO 2,X,L,83.02,93.3,0,Tidak,Non-Dropout
242510045,AHMAD RAFI FADILAH,X TO 2,X,L,95.34,93.8,0,Tidak,Non-Dropout
,ALTAF GHANIM PRASETIYO,X TO 2,X,L,75.56,83.8,0,Tidak,Non-Dropout
242510047,ANDARU RAMA BRIAN PRADANA,X TO 2,X,L,84.12,95.8,0,Tidak,Non-Dropout
242510048,AUFADIO MUSYAFA,X TO 2,X,L,72.33,86.7,0,Ya,DO-Akademik
,DHIEGO BANYU MILITO,X TO 2,X,L,73.23,74.1,1,Tidak,Non-Dropout
242510050,FAUZAN FATURROHMAN,X TO 2,X,L,83.95,88.1,0,Ya,Non-Dropout
,IBRAHIM RAFLI AD'HADI,X TO 2,X,L,78.84,90.1,0,Tidak,Non-Dropout
,IRLANGGA ADITYA PRATAMA,X TO 2,X,L,84.84,82.7,0,Tidak,Non-Dropout
,KEVIN RAMA ADHYAKSA,X TO 2,X,L,90.51,91.9,0,Tidak,Non-Dropout
,M.RIFQI AL BAIHAQY,X TO 2,X,L,70.91,91.7,0,Tidak,Non-Dropout
,MOHAMMAD IBNU HAFIDH,X TO 2,X,L,74.85,84,0,Tidak,Non-Dropout
,MUHAMMAD DINAMIC ACERA,X TO 2,X,L,80.72,87.1,0,Ya,Non-Dropout
,MUHAMMAD GHIFARY,X TO 2,X,L,98,92.4,0,Tidak,Non-Dropout
,MUHAMMAD NAUFAL,X TO 2,X,L,77.79,80.3,0,Tidak,Non-Dropout
,NAUFAL AFKAR IDLAN,X TO 2,X,L,76.54,83.1,0,Ya,Non-Dropout
,RADEN MUHAMMAD GENTA MAULANA RACHMAN,X TO 2,X,L,83.91,81.9,0,Tidak,DO-Masalah
,RAFI ABDUL KARIM,X TO 2,X,L,97.29,90.5,0,Tidak,Non-Dropout
,RAFID ZUFAR AZMI,X TO 2,X,L,75.8,80.7,0,Tidak,Non-Dropout
,RANDY ACHMAD JULIANTO,X TO 2,X,L,78.02,92.6,0,Tidak,Non-Dropout
,RISKI,X TO 2,X,L,80.82,86.6,0,Tidak,Non-Dropout
,RISKY ISMED ISKANDAR,X TO 2,X,L,86.55,94.4,0,Tidak,Non-Dropout
,SELO FEBIANTO,X TO 2,X,L,97.96,84.5,0,Tidak,Non-Dropout
,ZAHRUL AZMI,X TO 2,X,L,70.56,84,2,Tidak,DO-Masalah
